kind,mode,round,log,cpu_p50_ms,cpu_p99_ms,measured_loop_wall_s,process_cpu_s,alloc_B_frame,rss_peak_MiB,private_peak_MiB,managed_heap_peak_MiB,managed_retained_peak_MiB,managed_retained_post_gc_MiB,gpu_main_p50_ms,gpu_main_p99_ms,vk_allocated_peak_MiB,cache_peak_MiB,image_resident_peak_MiB,text_resident_peak_MiB,readback_pool_resident_before_close_MiB,gpu_upload_samples,gpu_upload_p50_ms,gpu_upload_p99_ms,gpu_effects_samples,gpu_effects_p50_ms,gpu_effects_p99_ms,gpu_offscreen_samples,gpu_offscreen_p50_ms,gpu_offscreen_p99_ms
container,unchanged,1,logs/001-r1-container-unchanged.log.gz,0.64152,1.568006,1.523232301,2.091266,0.0,159.0078125,152.79296875,9.20294189453125,6.5009307861328125,6.500274658203125,0.017408,0.022528,6.0,0.25,0.0,0.25,0.0,2000,9.6e-05,0.000192,0,0.0,0.0,0,0.0,0.0
container,unchanged,2,logs/041-r2-container-unchanged.log.gz,0.750054,1.539412,1.659812153,2.142907,0.0,159.00390625,152.796875,9.195152282714844,6.5009307861328125,6.500274658203125,0.017408,0.018432,6.0,0.25,0.0,0.25,0.0,2000,9.6e-05,0.000256,0,0.0,0.0,0,0.0,0.0
container,unchanged,3,logs/053-r3-container-unchanged.log.gz,0.745306,1.332342,1.616216867,2.117468,0.0,158.95703125,152.8046875,9.194526672363281,6.5009307861328125,6.500274658203125,0.016384,0.018432,6.0,0.25,0.0,0.25,0.0,2000,9.6e-05,0.000256,0,0.0,0.0,0,0.0,0.0
container,sparse,1,logs/008-r1-container-sparse.log.gz,0.804798,1.71854,1.68923722,2.317124,664.0,159.609375,152.8984375,10.471336364746094,6.50048828125,6.50048828125,0.004096,0.014336,6.0,0.25,0.0,0.25,0.0,2000,9.6e-05,9.6e-05,0,0.0,0.0,0,0.0,0.0
container,sparse,2,logs/027-r2-container-sparse.log.gz,0.72697,1.576653,1.620257543,2.152554,664.0,159.4375,152.8984375,10.464179992675781,6.50048828125,6.50048828125,0.004096,0.014336,6.0,0.25,0.0,0.25,0.0,2000,9.6e-05,9.6e-05,0,0.0,0.0,0,0.0,0.0
container,sparse,3,logs/060-r3-container-sparse.log.gz,0.802774,1.632017,1.70294457,2.257293,664.0,159.65234375,152.89453125,10.464118957519531,6.50048828125,6.50048828125,0.004096,0.014336,6.0,0.25,0.0,0.25,0.0,2000,9.6e-05,9.6e-05,0,0.0,0.0,0,0.0,0.0
container,full,1,logs/015-r1-container-full.log.gz,3.087081,4.743113,6.501396666,6.825702,504160.0,192.83984375,185.1875,15.311904907226562,6.539039611816406,6.539039611816406,0.022528,0.03072,6.0,0.25,0.0,0.25,0.0,2000,9.6e-05,0.000256,0,0.0,0.0,0,0.0,0.0
container,full,2,logs/034-r2-container-full.log.gz,3.14498,4.363126,6.540328324,6.742748,504160.0,192.921875,185.1796875,15.312202453613281,6.539039611816406,6.539039611816406,0.028672,0.041984,6.0,0.25,0.0,0.25,0.0,2000,9.6e-05,0.000224,0,0.0,0.0,0,0.0,0.0
container,full,3,logs/046-r3-container-full.log.gz,3.122999,5.263494,6.743939252,7.04793,504160.0,193.0703125,185.1953125,15.314437866210938,6.539039611816406,6.539039611816406,0.019456,0.043008,6.0,0.25,0.0,0.25,0.0,2000,9.6e-05,0.000224,0,0.0,0.0,0,0.0,0.0
text,unchanged,1,logs/002-r1-text-unchanged.log.gz,1.298568,2.173017,2.812049561,3.052804,0.0,175.28125,164.6015625,13.00311279296875,10.326065063476562,10.322792053222656,0.069632,0.074752,6.0,0.25,0.0,0.25,0.0,2000,9.6e-05,0.000224,0,0.0,0.0,0,0.0,0.0
text,unchanged,2,logs/042-r2-text-unchanged.log.gz,1.312865,3.431379,2.931795079,3.17123,0.0,175.38671875,164.6171875,13.003868103027344,10.326065063476562,10.322792053222656,0.068608,0.073728,6.0,0.25,0.0,0.25,0.0,2000,9.6e-05,0.000224,0,0.0,0.0,0,0.0,0.0
text,unchanged,3,logs/054-r3-text-unchanged.log.gz,1.292868,2.130056,2.814698062,3.093261,0.0,175.33203125,164.6015625,13.003089904785156,10.326065063476562,10.322792053222656,0.069632,0.08704,6.0,0.25,0.0,0.25,0.0,2000,9.6e-05,0.000192,0,0.0,0.0,0,0.0,0.0
text,sparse,1,logs/009-r1-text-sparse.log.gz,1.207957,1.894292,2.59518266,3.158692,776.0,176.0703125,163.8984375,14.540878295898438,10.373023986816406,10.323013305664062,0.024576,0.058368,6.0,0.25,0.0,0.25,0.0,2000,9.6e-05,9.6e-05,0,0.0,0.0,0,0.0,0.0
text,sparse,2,logs/028-r2-text-sparse.log.gz,1.381504,3.10254,3.02449937,3.401296,776.0,176.265625,163.90234375,14.532745361328125,10.373023986816406,10.323013305664062,0.024576,0.062464,6.0,0.25,0.0,0.25,0.0,2000,9.6e-05,9.6e-05,0,0.0,0.0,0,0.0,0.0
text,sparse,3,logs/061-r3-text-sparse.log.gz,1.333404,2.412739,2.872906009,3.391477,776.0,175.984375,163.90234375,14.540878295898438,10.373023986816406,10.323013305664062,0.024576,0.06144,6.0,0.25,0.0,0.25,0.0,2000,9.6e-05,9.6e-05,0,0.0,0.0,0,0.0,0.0
text,full,1,logs/016-r1-text-full.log.gz,4.135056,6.243432,8.629935108,9.052518,616160.0,212.50390625,200.87109375,19.669700622558594,10.361564636230469,10.361564636230469,0.079872,0.09728,6.0,0.25,0.0,0.25,0.0,2000,9.6e-05,0.000128,0,0.0,0.0,0,0.0,0.0
text,full,2,logs/035-r2-text-full.log.gz,4.069554,5.406384,8.385410672,8.656972,616160.0,212.7265625,200.8671875,19.654014587402344,10.361564636230469,10.361564636230469,0.1024,0.136192,6.0,0.25,0.0,0.25,0.0,2000,9.6e-05,0.000128,0,0.0,0.0,0,0.0,0.0
text,full,3,logs/047-r3-text-full.log.gz,4.231779,21.492914,10.38691919,9.698859,616160.0,212.6015625,200.7109375,19.606201171875,10.367424011230469,10.367424011230469,0.310272,0.437248,6.0,0.25,0.0,0.25,0.0,2000,9.6e-05,0.000128,0,0.0,0.0,0,0.0,0.0
image,unchanged,1,logs/003-r1-image-unchanged.log.gz,1.468309,2.288566,3.087117,3.387465,0.0,176.5546875,153.859375,10.616691589355469,7.93060302734375,7.9099884033203125,0.017408,0.0256,22.0,0.2500038146972656,3.814697265625e-06,0.25,0.0,2000,9.6e-05,0.000224,0,0.0,0.0,0,0.0,0.0
image,unchanged,2,logs/036-r2-image-unchanged.log.gz,1.407124,2.541902,3.053127544,3.318282,0.0,176.6015625,153.96484375,10.616973876953125,7.93060302734375,7.9099884033203125,0.017408,0.022528,22.0,0.2500038146972656,3.814697265625e-06,0.25,0.0,2000,9.6e-05,0.000224,0,0.0,0.0,0,0.0,0.0
image,unchanged,3,logs/055-r3-image-unchanged.log.gz,1.380993,2.074712,2.96694477,3.18673,0.0,176.6875,153.859375,10.616958618164062,7.93060302734375,7.9099884033203125,0.017408,0.0256,22.0,0.2500038146972656,3.814697265625e-06,0.25,0.0,2000,9.6e-05,0.000224,0,0.0,0.0,0,0.0,0.0
image,sparse,1,logs/010-r1-image-sparse.log.gz,1.202587,1.921132,2.571346467,3.08783,640.0,177.1640625,153.94921875,11.839012145996094,7.929100036621094,7.9102020263671875,0.004096,0.01536,22.0,0.2500038146972656,3.814697265625e-06,0.25,0.0,2000,9.6e-05,9.6e-05,0,0.0,0.0,0,0.0,0.0
image,sparse,2,logs/022-r2-image-sparse.log.gz,1.217636,1.866319,2.580227063,3.053953,640.0,177.1015625,153.87890625,11.846847534179688,7.929100036621094,7.9102020263671875,0.004096,0.018432,22.0,0.2500038146972656,3.814697265625e-06,0.25,0.0,2000,9.6e-05,0.000128,0,0.0,0.0,0,0.0,0.0
image,sparse,3,logs/062-r3-image-sparse.log.gz,1.296033,2.589201,2.827747173,3.10712,640.0,177.0859375,153.94140625,11.8389892578125,7.929100036621094,7.9102020263671875,0.004096,0.01536,22.0,0.2500038146972656,3.814697265625e-06,0.25,0.0,2000,9.6e-05,9.6e-05,0,0.0,0.0,0,0.0,0.0
image,full,1,logs/017-r1-image-full.log.gz,3.790717,5.948236,7.953261524,8.355776,480160.0,220.890625,196.50390625,16.533355712890625,7.948753356933594,7.948753356933594,0.043008,0.05632,22.0,0.2500038146972656,3.814697265625e-06,0.25,0.0,2000,9.6e-05,0.000224,0,0.0,0.0,0,0.0,0.0
image,full,2,logs/029-r2-image-full.log.gz,3.602663,5.202549,7.551796228,7.877898,480160.0,220.9609375,196.484375,16.530677795410156,7.948753356933594,7.948753356933594,0.023552,0.033792,22.0,0.2500038146972656,3.814697265625e-06,0.25,0.0,2000,9.6e-05,0.000224,0,0.0,0.0,0,0.0,0.0
image,full,3,logs/048-r3-image-full.log.gz,3.676091,6.226911,7.859333392,8.171637,480160.0,220.86328125,196.27734375,16.53583526611328,7.948753356933594,7.948753356933594,0.054272,0.08192,22.0,0.2500038146972656,3.814697265625e-06,0.25,0.0,2000,9.6e-05,0.000192,0,0.0,0.0,0,0.0,0.0
shape,unchanged,1,logs/004-r1-shape-unchanged.log.gz,0.938359,1.777982,2.06572954,2.413965,0.0,160.91796875,153.97265625,9.408912658691406,6.716575622558594,6.7159423828125,0.144384,0.147456,6.0,0.25034332275390625,0.0,0.25,0.0,2000,9.6e-05,0.000192,0,0.0,0.0,0,0.0,0.0
shape,unchanged,2,logs/037-r2-shape-unchanged.log.gz,0.924994,1.625004,2.04061841,2.327509,0.0,160.9609375,153.90234375,9.402870178222656,6.716575622558594,6.7159423828125,0.14336,0.149504,6.0,0.25034332275390625,0.0,0.25,0.0,2000,9.6e-05,0.000224,0,0.0,0.0,0,0.0,0.0
shape,unchanged,3,logs/056-r3-shape-unchanged.log.gz,0.90676,1.817306,2.038392261,2.347689,0.0,160.87890625,153.92578125,9.410820007324219,6.716575622558594,6.7159423828125,0.14336,0.149504,6.0,0.25034332275390625,0.0,0.25,0.0,2000,9.6e-05,0.000224,0,0.0,0.0,0,0.0,0.0
shape,sparse,1,logs/011-r1-shape-sparse.log.gz,0.936376,1.768484,2.057014753,2.573568,1776.0,162.4375,153.07421875,12.786376953125,6.716156005859375,6.716156005859375,0.144384,0.147456,6.0,0.25034332275390625,0.0,0.25,0.0,2000,9.6e-05,0.000224,0,0.0,0.0,0,0.0,0.0
shape,sparse,2,logs/023-r2-shape-sparse.log.gz,0.989596,1.683585,2.127284712,2.683902,1776.0,162.37109375,153.00390625,12.786300659179688,6.716156005859375,6.716156005859375,0.147456,0.150528,6.0,0.25034332275390625,0.0,0.25,0.0,2000,9.6e-05,0.000224,0,0.0,0.0,0,0.0,0.0
shape,sparse,3,logs/063-r3-shape-sparse.log.gz,0.930685,1.546476,2.053848471,2.491294,1776.0,162.66796875,153.12109375,12.786582946777344,6.716156005859375,6.716156005859375,0.14336,0.149504,6.0,0.25034332275390625,0.0,0.25,0.0,2000,9.6e-05,0.00016,0,0.0,0.0,0,0.0,0.0
shape,full,1,logs/018-r1-shape-full.log.gz,3.531108,4.893025,7.424161544,7.81006,1616160.0,170.68359375,161.01953125,15.607467651367188,6.754707336425781,6.754707336425781,0.175104,0.205824,6.0,0.25034332275390625,0.0,0.25,0.0,2000,9.6e-05,0.000256,0,0.0,0.0,0,0.0,0.0
shape,full,2,logs/030-r2-shape-full.log.gz,3.825293,6.432298,8.0407691,8.173628,1616160.0,167.19140625,157.94921875,15.606033325195312,6.754707336425781,6.754707336425781,0.149504,0.177152,6.0,0.25034332275390625,0.0,0.25,0.0,2000,9.6e-05,0.00032,0,0.0,0.0,0,0.0,0.0
shape,full,3,logs/049-r3-shape-full.log.gz,3.509507,4.814117,7.355107139,7.668409,1616160.0,170.7734375,161.10546875,15.606033325195312,6.754707336425781,6.754707336425781,0.29696,0.497664,6.0,0.25034332275390625,0.0,0.25,0.0,2000,9.6e-05,0.000288,0,0.0,0.0,0,0.0,0.0
button,unchanged,1,logs/005-r1-button-unchanged.log.gz,0.851345,1.727597,1.746187082,2.33403,0.0,158.60546875,151.61328125,9.340362548828125,6.6461181640625,6.6454620361328125,0.017408,0.021504,6.0,0.25,0.0,0.25,0.0,2000,9.6e-05,0.000224,0,0.0,0.0,0,0.0,0.0
button,unchanged,2,logs/038-r2-button-unchanged.log.gz,0.803355,1.689906,1.761320708,2.250758,0.0,158.671875,151.6171875,9.340263366699219,6.6461181640625,6.6454620361328125,0.017408,0.02048,6.0,0.25,0.0,0.25,0.0,2000,9.6e-05,0.000224,0,0.0,0.0,0,0.0,0.0
button,unchanged,3,logs/050-r3-button-unchanged.log.gz,0.707614,1.305952,1.533864705,2.07783,0.0,158.61328125,151.60546875,9.348175048828125,6.6461181640625,6.6454620361328125,0.016384,0.018432,6.0,0.25,0.0,0.25,0.0,2000,9.6e-05,0.000224,0,0.0,0.0,0,0.0,0.0
button,sparse,1,logs/012-r1-button-sparse.log.gz,0.643624,1.777191,1.559019512,2.078417,1120.0,161.359375,152.57421875,11.48919677734375,6.6515350341796875,6.6515350341796875,0.004096,0.01536,6.0,0.25,0.0,0.25,0.0,2000,9.6e-05,9.6e-05,0,0.0,0.0,0,0.0,0.0
button,sparse,2,logs/024-r2-button-sparse.log.gz,0.780552,2.345141,1.816950218,2.301603,1120.0,161.24609375,152.578125,11.482032775878906,6.6456756591796875,6.6456756591796875,0.004096,0.014336,6.0,0.25,0.0,0.25,0.0,2000,9.6e-05,9.6e-05,0,0.0,0.0,0,0.0,0.0
button,sparse,3,logs/057-r3-button-sparse.log.gz,0.750445,1.444404,1.636926505,2.139918,1120.0,161.0625,152.51171875,11.4822998046875,6.6456756591796875,6.6456756591796875,0.004096,0.014336,6.0,0.25,0.0,0.25,0.0,2000,9.6e-05,9.6e-05,0,0.0,0.0,0,0.0,0.0
button,full,1,logs/019-r1-button-full.log.gz,3.331752,4.638135,7.032521944,7.312949,960160.0,170.28125,163.65625,16.011558532714844,6.684234619140625,6.684234619140625,0.027648,0.033792,6.0,0.25,0.0,0.25,0.0,2000,9.6e-05,0.000224,0,0.0,0.0,0,0.0,0.0
button,full,2,logs/031-r2-button-full.log.gz,3.793382,14.053659,8.545098392,8.433297,960160.0,170.734375,163.66015625,16.000595092773438,6.684234619140625,6.684234619140625,0.026624,0.033792,6.0,0.25,0.0,0.25,0.0,2000,9.6e-05,0.000128,0,0.0,0.0,0,0.0,0.0
button,full,3,logs/043-r3-button-full.log.gz,3.47392,4.684844,7.259253059,7.5793,960160.0,170.44921875,163.66015625,16.003273010253906,6.684234619140625,6.684234619140625,0.024576,0.044032,6.0,0.25,0.0,0.25,0.0,2000,9.6e-05,0.000192,0,0.0,0.0,0,0.0,0.0
text-entry,unchanged,1,logs/006-r1-text-entry-unchanged.log.gz,3.031035,4.407681,6.375258387,6.772666,0.0,175.7578125,163.34375,14.528419494628906,11.857841491699219,11.807830810546875,0.408576,0.420864,8.0,0.25,0.0,0.25,0.0,2000,9.6e-05,0.000224,0,0.0,0.0,0,0.0,0.0
text-entry,unchanged,2,logs/039-r2-text-entry-unchanged.log.gz,3.27238,4.398423,6.696258979,7.075062,0.0,175.7421875,163.41015625,14.535850524902344,11.857841491699219,11.807830810546875,0.406528,0.41472,8.0,0.25,0.0,0.25,0.0,2000,9.6e-05,0.000192,0,0.0,0.0,0,0.0,0.0
text-entry,unchanged,3,logs/051-r3-text-entry-unchanged.log.gz,3.274955,4.442847,6.676552394,7.087563,0.0,175.8671875,163.44140625,14.528419494628906,11.857841491699219,11.807830810546875,0.416768,0.543744,8.0,0.25,0.0,0.25,0.0,2000,9.6e-05,0.00016,0,0.0,0.0,0,0.0,0.0
text-entry,sparse,1,logs/013-r1-text-entry-sparse.log.gz,3.297107,4.382684,6.739008432,7.145176,824.0,178.2265625,163.9921875,16.107025146484375,11.860984802246094,11.80804443359375,0.408576,0.417792,8.0,0.25,0.0,0.25,0.0,2000,9.6e-05,9.6e-05,0,0.0,0.0,0,0.0,0.0
text-entry,sparse,2,logs/025-r2-text-entry-sparse.log.gz,3.566926,6.083471,7.595229023,7.911,824.0,178.3359375,164.00390625,16.1070556640625,11.860984802246094,11.80804443359375,0.406528,0.422912,8.0,0.25,0.0,0.25,0.0,2000,9.6e-05,0.000128,0,0.0,0.0,0,0.0,0.0
text-entry,sparse,3,logs/058-r3-text-entry-sparse.log.gz,3.129992,4.208485,6.474767674,6.866682,824.0,178.27734375,164.10546875,16.11450958251953,11.860984802246094,11.81390380859375,0.406528,0.425984,8.0,0.25,0.0,0.25,0.0,2000,9.6e-05,9.6e-05,0,0.0,0.0,0,0.0,0.0
text-entry,full,1,logs/020-r1-text-entry-full.log.gz,5.633783,7.371619,11.607178753,12.031649,664160.0,204.6484375,190.890625,20.80980682373047,11.846603393554688,11.846603393554688,0.85504,2.019328,8.0,0.25,0.0,0.25,0.0,2000,9.6e-05,0.000128,0,0.0,0.0,0,0.0,0.0
text-entry,full,2,logs/032-r2-text-entry-full.log.gz,6.519112,24.164241,14.714599599,14.153094,664160.0,204.65625,190.828125,21.16535186767578,11.846603393554688,11.846603393554688,0.477184,0.561152,8.0,0.25,0.0,0.25,0.0,2000,9.6e-05,0.000128,0,0.0,0.0,0,0.0,0.0
text-entry,full,3,logs/044-r3-text-entry-full.log.gz,5.645384,7.035094,11.569075543,11.999646,664160.0,204.84375,190.96484375,21.12352752685547,11.846603393554688,11.846603393554688,0.715776,1.046528,8.0,0.25,0.0,0.25,0.0,2000,9.6e-05,0.000128,0,0.0,0.0,0,0.0,0.0
text-editor,unchanged,1,logs/007-r1-text-editor-unchanged.log.gz,3.315983,4.389015,6.892178296,7.200886,0.0,180.875,166.65625,16.74517822265625,14.067062377929688,14.037124633789062,0.408576,0.427008,8.0,0.25,0.0,0.25,0.0,2000,9.6e-05,0.000192,0,0.0,0.0,0,0.0,0.0
text-editor,unchanged,2,logs/040-r2-text-editor-unchanged.log.gz,3.455415,4.653234,7.082175938,7.448462,0.0,180.72265625,166.65234375,16.744094848632812,14.067062377929688,14.037124633789062,0.407552,0.474112,8.0,0.25,0.0,0.25,0.0,2000,9.6e-05,0.000224,0,0.0,0.0,0,0.0,0.0
text-editor,unchanged,3,logs/052-r3-text-editor-unchanged.log.gz,3.728981,6.095974,7.816449748,8.249967,0.0,180.8515625,166.68359375,16.745040893554688,14.067062377929688,14.037124633789062,0.405504,0.420864,8.0,0.25,0.0,0.25,0.0,2000,9.6e-05,0.000192,0,0.0,0.0,0,0.0,0.0
text-editor,sparse,1,logs/014-r1-text-editor-sparse.log.gz,3.63281,5.407255,7.434570139,7.946759,968.0,182.3359375,167.71875,18.60527801513672,14.070228576660156,14.043220520019531,0.407552,0.421888,8.0,0.25,0.0,0.25,0.0,2000,9.6e-05,9.6e-05,0,0.0,0.0,0,0.0,0.0
text-editor,sparse,2,logs/026-r2-text-editor-sparse.log.gz,3.572015,4.907884,7.359853982,7.772755,968.0,182.28515625,167.72265625,18.58966827392578,14.070228576660156,14.037361145019531,0.405504,0.418816,8.0,0.25,0.0,0.25,0.0,2000,9.6e-05,0.000128,0,0.0,0.0,0,0.0,0.0
text-editor,sparse,3,logs/059-r3-text-editor-sparse.log.gz,3.523925,4.829276,7.270456968,7.71151,968.0,182.328125,167.70703125,18.589675903320312,14.070228576660156,14.037361145019531,0.420864,0.447488,8.0,0.25,0.0,0.25,0.0,2000,9.6e-05,9.6e-05,0,0.0,0.0,0,0.0,0.0
text-editor,full,1,logs/021-r1-text-editor-full.log.gz,6.32742,9.061525,13.045654161,13.46394,808160.0,219.01171875,205.09375,23.376419067382812,14.075920104980469,14.075920104980469,1.026048,2.04288,8.0,0.25,0.0,0.25,0.0,2000,9.6e-05,0.000128,0,0.0,0.0,0,0.0,0.0
text-editor,full,2,logs/033-r2-text-editor-full.log.gz,6.986463,10.81464,14.505086732,14.834972,808160.0,218.77734375,205.1015625,23.27460479736328,14.075920104980469,14.075920104980469,0.51712,0.562176,8.0,0.25,0.0,0.25,0.0,2000,9.6e-05,0.000128,0,0.0,0.0,0,0.0,0.0
text-editor,full,3,logs/045-r3-text-editor-full.log.gz,6.611937,10.301002,13.719357769,14.096716,808160.0,219.078125,205.15625,23.292884826660156,14.075920104980469,14.075920104980469,0.667648,1.099776,8.0,0.25,0.0,0.25,0.0,2000,9.6e-05,0.00016,0,0.0,0.0,0,0.0,0.0
